WORK TRIPS - 1988: DISTRIBUTION in 5 minute intervals,,,,,,,,,,,,,,,,,,,,,,,,,,,,,,,,,,,,,,,,,,,,,,,,,,,,,,,,,,,,,,,,,,,,,,,,,,,,,Regression Output:,,,,,,,,,,,,,,,,,,,,,,,,,,,,,,,,,,,,,
,,,,,,,,,,,,,,,,,,,,,,,,,,,,,,,,,,,,,,,,,,,,,,,,,,,,,,,,,,,,,,,,,,,,,,,,,,,,Constant,,,-3.5589073,,,,,,,,,,,,,,,,,,,,,AUTO TRAVEL TIMES weighted by AUTO TRIPS TRAVEL 2 04/30/92,,,,,,,TRANSIT TRAVEL TIMES weighted by TRANSIT TRIPS,,,,,,,
,,,,,,,,,,,,,,,,,,,,,,,,,,,,,,,,,,,,,,,,,,,,,,,,,,,,,,,,,,,,,,,,,,,,,,,,,,,,Std Err of Y Est,,,0.38410848,,,,,"TRAVEL 2 0430 WORK TRIPS, ALL MODES (composite TT)",,,,,,,,,,,,,,,,,,,,,,,,,,,,,,
,,,,,,,,,,,,,,,,,,,,,,,,,,,,,,,,,,,,PROPORTION of TRIPS/AREAFACTOR,,,,,,,,,,,,,,,,,,,,,,,,,,,,,,,,,,,,,,,,R Squared,,,0.90551423,,,,,,TRIPS,PROP,CUM,CUMPROP,,,DATA,,,,,,,,,0,5,89071.8,0.0967,89071.8,0.0967,,0,5,7245.488,0.045,7245.488,0.045,=DF4/$DF$23,=DI4/SUM($DG$4:$DG$20)
,,,,,,,,,,,,,,,,,TRIPS/FACTOR,,,,,,,,,,,,,,,,,,,,,,,,,,,,,,,,,,,,CUMULATIVE,,,,,,,,,,,,,,,,,,,,,,,No. of Observations,,,18,,,,0,5,64399.46,0.079,64399.46,0.079,,,0.067481884,,,Regression Output:,,,,,,5,10,98670.66,0.1071,187742.5,0.2038,,5,10,4857.656,0.0301,12103.14,0.0751,=DF5/$DF$23,=DI5/SUM($DG$4:$DG$20)
,ADT,APT,AU1,AUDR2,AUDR3,AUPX,BCRAIL,BUS,WALK,WCRAIL,AU2+,ALLWCT,ALLTRN,ALLTRIPS,,FACTOR,ADT,APT,AU1,AUDR2,AUDR3,AUPX,BCRAIL,BUS,WALK,WCRAIL,AU2+,ALLWCT,ALLTRN,ALLTRIPS,NONAUTO,AUTO,,,,ADT,APT,AU1,AUDR2,AUDR3,AUPX,BCRAIL,BUS,WALK,WCRAIL,AU2+,ALLWCT,ALLTRN,ALLTRIPS,NONAUTO,AUTO,,ADT,APT,AU1,AUDR2,AUDR3,AUPX,BCRAIL,BUS,WALK,WCRAIL,AU2+,ALLWCT,ALLTRN,ALLTRIPS,,TIME,P,ln(p),TIME^2,TIME,TIME^0.5,PREDICTED,ADJ PRED,Degrees of Freedom,,,15,,,,5,10,57638.08,0.0707,122037.5,0.1497,,,0.10676637,,Constant,,,0.0039642923,,,,10,15,113154.9,0.1228,300897.4,0.3266,,10,15,8788.825,0.0545,20891.97,0.1296,=DF6/$DF$23,=DI6/SUM($DG$4:$DG$20)
2.5,235,390,124097,11304,3625,17193,1014,5545,32537,3506,=E7+F7+G7,=K7+I7+H7,=M7+B7+C7,=SUM(B7:L7),,1,=B7,=C7,=D7,=E7,=F7,=G7,=H7,=I7,=J7,=K7,=L7,=M7,=N7,=O7,=AD7+Z7,=AE7-AF7,,,=A7,=R7/R$27,=S7/S$27,=T7/T$27,=U7/U$27,=V7/V$27,=W7/W$27,=X7/X$27,=Y7/Y$27,=Z7/Z$27,=AA7/AA$27,=AB7/AB$27,=AC7/AC$27,=AD7/AD$27,=AE7/AE$27,=AF7/AF$27,=AG7/AG$27,,=AK7,=AL7,=AM7,=AN7,=AO7,=AP7,=AQ7,=AR7,=AS7,=AT7,=AU7,=AV7,=AW7,=AX7,,2.5,=AX7,=LN(BR7),=BU7*BU7,=BQ7,=SQRT(BQ7),=EXP(+$CB$2+$CA$8*BU7+$CB$8*BV7),=(BW7/$BW$26),,,,,,,,10,15,84848.71,0.1041,206886.2,0.2538,,,0.13958674,,Std Err of Y Est,,,0.021624547,,,,15,20,121602.5,0.132,422499.9,0.4586,,15,20,11704.21,0.0726,32596.18,0.2022,=DF7/$DF$23,=DI7/SUM($DG$4:$DG$20)
7.5,456,894,218922,18429,5830,26285,0,8420,27546,9049,=E8+F8+G8,=K8+I8+H8,=M8+B8+C8,=SUM(B8:L8),,3,=B8,=C8,=D8,=E8,=F8,=G8,=H8,=I8,=J8,=K8,=L8,=M8,=N8,=O8,=AD8+Z8,=AE8-AF8,,,=A8,=R8/R$27,=S8/S$27,=T8/T$27,=U8/U$27,=V8/V$27,=W8/W$27,=X8/X$27,=Y8/Y$27,=Z8/Z$27,=AA8/AA$27,=AB8/AB$27,=AC8/AC$27,=AD8/AD$27,=AE8/AE$27,=AF8/AF$27,=AG8/AG$27,,=AK8+BB7,=AL8+BC7,=AM8+BD7,=AN8+BE7,=AO8+BF7,=AP8+BG7,=AQ8+BH7,=AR8+BI7,=AS8+BJ7,=AT8+BK7,=AU8+BL7,=AV8+BM7,=AW8+BN7,=AX8+BO7,,7.5,=AX8,=LN(BR8),=BU8*BU8,=BQ8,=SQRT(BQ8),=EXP(+$CB$2+$CA$8*BU8+$CB$8*BV8),=(BW8/$BW$26),X Coefficient(s),,-0.10459358,0.77056393,,,,15,20,105241.1,0.1291,312127.4,0.383,,,0.11121712,,R Squared,,,0.79398406,,,,20,25,110027.7,0.1194,532527.6,0.578,,20,25,15783.34,0.0979,48379.52,0.3002,=DF8/$DF$23,=DI8/SUM($DG$4:$DG$20)
12.5,1358,2312,289387,20476,7290,36032,712,10511,28559,18565,=E9+F9+G9,=K9+I9+H9,=M9+B9+C9,=SUM(B9:L9),,5,=B9,=C9,=D9,=E9,=F9,=G9,=H9,=I9,=J9,=K9,=L9,=M9,=N9,=O9,=AD9+Z9,=AE9-AF9,,,=A9,=R9/R$27,=S9/S$27,=T9/T$27,=U9/U$27,=V9/V$27,=W9/W$27,=X9/X$27,=Y9/Y$27,=Z9/Z$27,=AA9/AA$27,=AB9/AB$27,=AC9/AC$27,=AD9/AD$27,=AE9/AE$27,=AF9/AF$27,=AG9/AG$27,,=AK9+BB8,=AL9+BC8,=AM9+BD8,=AN9+BE8,=AO9+BF8,=AP9+BG8,=AQ9+BH8,=AR9+BI8,=AS9+BJ8,=AT9+BK8,=AU9+BL8,=AV9+BM8,=AW9+BN8,=AX9+BO8,,12.5,=AX9,=LN(BR9),=BU9*BU9,=BQ9,=SQRT(BQ9),=EXP(+$CB$2+$CA$8*BU9+$CB$8*BV9),=(BW9/$BW$26),Std Err of Coef.,,0.018444189,0.21587953,,,,20,25,100446.1,0.1232,412573.5,0.5062,,,0.083277625,,No. of Observations,,,18,,,,25,30,94345.63,0.1024,626873.2,0.6804,,25,30,15528.54,0.0963,63908.06,0.3965,=DF9/$DF$23,=DI9/SUM($DG$4:$DG$20)
17.5,3104,1333,227272,18850,5173,26429,812,6533,11274,30416,=E10+F10+G10,=K10+I10+H10,=M10+B10+C10,=SUM(B10:L10),,7,=B10,=C10,=D10,=E10,=F10,=G10,=H10,=I10,=J10,=K10,=L10,=M10,=N10,=O10,=AD10+Z10,=AE10-AF10,,,=A10,=R10/R$27,=S10/S$27,=T10/T$27,=U10/U$27,=V10/V$27,=W10/W$27,=X10/X$27,=Y10/Y$27,=Z10/Z$27,=AA10/AA$27,=AB10/AB$27,=AC10/AC$27,=AD10/AD$27,=AE10/AE$27,=AF10/AF$27,=AG10/AG$27,,=AK10+BB9,=AL10+BC9,=AM10+BD9,=AN10+BE9,=AO10+BF9,=AP10+BG9,=AQ10+BH9,=AR10+BI9,=AS10+BJ9,=AT10+BK9,=AU10+BL9,=AV10+BM9,=AW10+BN9,=AX10+BO9,,17.5,=AX10,=LN(BR10),=BU10*BU10,=BQ10,=SQRT(BQ10),=EXP(+$CB$2+$CA$8*BU10+$CB$8*BV10),=(BW10/$BW$26),TSTAT,,=CA8/CA9,=CB8/CB9,,,,25,30,91347.71,0.1121,503921.2,0.6183,,,0.14219401,,Degrees of Freedom,,,16,,,,30,35,74472.39,0.0808,701345.6,0.7612,,30,35,15909.61,0.0987,79817.67,0.4952,=DF10/$DF$23,=DI10/SUM($DG$4:$DG$20)
22.5,1290,1253,152823,14493,3903,20575,3694,15184,6658,26928,=E11+F11+G11,=K11+I11+H11,=M11+B11+C11,=SUM(B11:L11),,9,=B11,=C11,=D11,=E11,=F11,=G11,=H11,=I11,=J11,=K11,=L11,=M11,=N11,=O11,=AD11+Z11,=AE11-AF11,,,=A11,=R11/R$27,=S11/S$27,=T11/T$27,=U11/U$27,=V11/V$27,=W11/W$27,=X11/X$27,=Y11/Y$27,=Z11/Z$27,=AA11/AA$27,=AB11/AB$27,=AC11/AC$27,=AD11/AD$27,=AE11/AE$27,=AF11/AF$27,=AG11/AG$27,,=AK11+BB10,=AL11+BC10,=AM11+BD10,=AN11+BE10,=AO11+BF10,=AP11+BG10,=AQ11+BH10,=AR11+BI10,=AS11+BJ10,=AT11+BK10,=AU11+BL10,=AV11+BM10,=AW11+BN10,=AX11+BO10,,22.5,=AX11,=LN(BR11),=BU11*BU11,=BQ11,=SQRT(BQ11),=EXP(+$CB$2+$CA$8*BU11+$CB$8*BV11),=(BW11/$BW$26),,,,,,,,30,35,79071.19,0.097,582992.4,0.7153,,,0.063218223,,,,,,,,,35,40,61356.41,0.0666,762702,0.8278,,35,40,14143.77,0.0878,93961.45,0.583,=DF11/$DF$23,=DI11/SUM($DG$4:$DG$20)
27.5,4874,3413,287686,28543,9960,34361,3097,5978,11511,25660,=E12+F12+G12,=K12+I12+H12,=M12+B12+C12,=SUM(B12:L12),,11,=B12,=C12,=D12,=E12,=F12,=G12,=H12,=I12,=J12,=K12,=L12,=M12,=N12,=O12,=AD12+Z12,=AE12-AF12,,,=A12,=R12/R$27,=S12/S$27,=T12/T$27,=U12/U$27,=V12/V$27,=W12/W$27,=X12/X$27,=Y12/Y$27,=Z12/Z$27,=AA12/AA$27,=AB12/AB$27,=AC12/AC$27,=AD12/AD$27,=AE12/AE$27,=AF12/AF$27,=AG12/AG$27,,=AK12+BB11,=AL12+BC11,=AM12+BD11,=AN12+BE11,=AO12+BF11,=AP12+BG11,=AQ12+BH11,=AR12+BI11,=AS12+BJ11,=AT12+BK11,=AU12+BL11,=AV12+BM11,=AW12+BN11,=AX12+BO11,,27.5,=AX12,=LN(BR12),=BU12*BU12,=BQ12,=SQRT(BQ12),=EXP(+$CB$2+$CA$8*BU12+$CB$8*BV12),=(BW12/$BW$26),,,,,,,,35,40,59240.69,0.0727,642233.1,0.788,,,0.061758537,,X Coefficient(s),,0.93125024,,,,,40,45,44350.25,0.0481,807052.3,0.8759,,40,45,12215.24,0.0758,106176.7,0.6587,=DF12/$DF$23,=DI12/SUM($DG$4:$DG$20)
32.5,3673,2972,107976,10478,4806,19408,4458,6036,2321,20117,=E13+F13+G13,=K13+I13+H13,=M13+B13+C13,=SUM(B13:L13),,13,=B13,=C13,=D13,=E13,=F13,=G13,=H13,=I13,=J13,=K13,=L13,=M13,=N13,=O13,=AD13+Z13,=AE13-AF13,,,=A13,=R13/R$27,=S13/S$27,=T13/T$27,=U13/U$27,=V13/V$27,=W13/W$27,=X13/X$27,=Y13/Y$27,=Z13/Z$27,=AA13/AA$27,=AB13/AB$27,=AC13/AC$27,=AD13/AD$27,=AE13/AE$27,=AF13/AF$27,=AG13/AG$27,,=AK13+BB12,=AL13+BC12,=AM13+BD12,=AN13+BE12,=AO13+BF12,=AP13+BG12,=AQ13+BH12,=AR13+BI12,=AS13+BJ12,=AT13+BK12,=AU13+BL12,=AV13+BM12,=AW13+BN12,=AX13+BO12,,32.5,=AX13,=LN(BR13),=BU13*BU13,=BQ13,=SQRT(BQ13),=EXP(+$CB$2+$CA$8*BU13+$CB$8*BV13),=(BW13/$BW$26),,,,,,,,40,45,45496.91,0.0558,687730,0.8438,,,0.070718607,,Std Err of Coef.,,0.11859078,,,,,45,50,32546.87,0.0353,839599.1,0.9113,,45,50,10557.04,0.0655,116733.7,0.7242,=DF13/$DF$23,=DI13/SUM($DG$4:$DG$20)
37.5,6791,3547,98384,10480,3769,20993,4522,8355,1099,18746,=E14+F14+G14,=K14+I14+H14,=M14+B14+C14,=SUM(B14:L14),,15,=B14,=C14,=D14,=E14,=F14,=G14,=H14,=I14,=J14,=K14,=L14,=M14,=N14,=O14,=AD14+Z14,=AE14-AF14,,,=A14,=R14/R$27,=S14/S$27,=T14/T$27,=U14/U$27,=V14/V$27,=W14/W$27,=X14/X$27,=Y14/Y$27,=Z14/Z$27,=AA14/AA$27,=AB14/AB$27,=AC14/AC$27,=AD14/AD$27,=AE14/AE$27,=AF14/AF$27,=AG14/AG$27,,=AK14+BB13,=AL14+BC13,=AM14+BD13,=AN14+BE13,=AO14+BF13,=AP14+BG13,=AQ14+BH13,=AR14+BI13,=AS14+BJ13,=AT14+BK13,=AU14+BL13,=AV14+BM13,=AW14+BN13,=AX14+BO13,,37.5,=AX14,=LN(BR14),=BU14*BU14,=BQ14,=SQRT(BQ14),=EXP(+$CB$2+$CA$8*BU14+$CB$8*BV14),=(BW14/$BW$26),,,,,,,,45,50,36801.87,0.0452,724531.9,0.8889,,,0.034541453,,,,=CR12/CR13,,,,,50,55,24806.54,0.0269,864405.7,0.9382,,50,55,7346.276,0.0456,124080,0.7698,=DF14/$DF$23,=DI14/SUM($DG$4:$DG$20)
42.5,4987,2290,122961,14820,6292,21286,5628,5275,2863,13875,=E15+F15+G15,=K15+I15+H15,=M15+B15+C15,=SUM(B15:L15),,17,=B15,=C15,=D15,=E15,=F15,=G15,=H15,=I15,=J15,=K15,=L15,=M15,=N15,=O15,=AD15+Z15,=AE15-AF15,,,=A15,=R15/R$27,=S15/S$27,=T15/T$27,=U15/U$27,=V15/V$27,=W15/W$27,=X15/X$27,=Y15/Y$27,=Z15/Z$27,=AA15/AA$27,=AB15/AB$27,=AC15/AC$27,=AD15/AD$27,=AE15/AE$27,=AF15/AF$27,=AG15/AG$27,,=AK15+BB14,=AL15+BC14,=AM15+BD14,=AN15+BE14,=AO15+BF14,=AP15+BG14,=AQ15+BH14,=AR15+BI14,=AS15+BJ14,=AT15+BK14,=AU15+BL14,=AV15+BM14,=AW15+BN14,=AX15+BO14,,42.5,=AX15,=LN(BR15),=BU15*BU15,=BQ15,=SQRT(BQ15),=EXP(+$CB$2+$CA$8*BU15+$CB$8*BV15),=(BW15/$BW$26),,,,,,,,50,55,25139.67,0.0308,749671.6,0.9198,,,0.022124936,,,,,,,,,55,60,18619.13,0.0202,883024.8,0.9584,,55,60,6415.495,0.0398,130495.5,0.8096,=DF15/$DF$23,=DI15/SUM($DG$4:$DG$20)
47.5,3951,671,58245,4629,2901,12071,2867,3026,756,9813,=E16+F16+G16,=K16+I16+H16,=M16+B16+C16,=SUM(B16:L16),,19,=B16,=C16,=D16,=E16,=F16,=G16,=H16,=I16,=J16,=K16,=L16,=M16,=N16,=O16,=AD16+Z16,=AE16-AF16,,,=A16,=R16/R$27,=S16/S$27,=T16/T$27,=U16/U$27,=V16/V$27,=W16/W$27,=X16/X$27,=Y16/Y$27,=Z16/Z$27,=AA16/AA$27,=AB16/AB$27,=AC16/AC$27,=AD16/AD$27,=AE16/AE$27,=AF16/AF$27,=AG16/AG$27,,=AK16+BB15,=AL16+BC15,=AM16+BD15,=AN16+BE15,=AO16+BF15,=AP16+BG15,=AQ16+BH15,=AR16+BI15,=AS16+BJ15,=AT16+BK15,=AU16+BL15,=AV16+BM15,=AW16+BN15,=AX16+BO15,,47.5,=AX16,=LN(BR16),=BU16*BU16,=BQ16,=SQRT(BQ16),=EXP(+$CB$2+$CA$8*BU16+$CB$8*BV16),=(BW16/$BW$26),,,,,,,,55,60,19130.74,0.0235,768802.3,0.9432,,,0.042937931,,,,,,,,,60,65,13412.11,0.0146,896437,0.9729,,60,65,4852.651,0.0301,135348.2,0.8397,=DF16/$DF$23,=DI16/SUM($DG$4:$DG$20)
52.5,1167,780,28114,3749,2401,4401,4567,8687,0,11506,=E17+F17+G17,=K17+I17+H17,=M17+B17+C17,=SUM(B17:L17),,21,=B17,=C17,=D17,=E17,=F17,=G17,=H17,=I17,=J17,=K17,=L17,=M17,=N17,=O17,=AD17+Z17,=AE17-AF17,,,=A17,=R17/R$27,=S17/S$27,=T17/T$27,=U17/U$27,=V17/V$27,=W17/W$27,=X17/X$27,=Y17/Y$27,=Z17/Z$27,=AA17/AA$27,=AB17/AB$27,=AC17/AC$27,=AD17/AD$27,=AE17/AE$27,=AF17/AF$27,=AG17/AG$27,,=AK17+BB16,=AL17+BC16,=AM17+BD16,=AN17+BE16,=AO17+BF16,=AP17+BG16,=AQ17+BH16,=AR17+BI16,=AS17+BJ16,=AT17+BK16,=AU17+BL16,=AV17+BM16,=AW17+BN16,=AX17+BO16,,52.5,=AX17,=LN(BR17),=BU17*BU17,=BQ17,=SQRT(BQ17),=EXP(+$CB$2+$CA$8*BU17+$CB$8*BV17),=(BW17/$BW$26),,,,,,,,60,65,14698.7,0.018,783501,0.9613,,,0.012722792,,,,,,,,,65,70,9979.609,0.0108,906416.6,0.9838,,65,70,4354.211,0.027,139702.4,0.8667,=DF17/$DF$23,=DI17/SUM($DG$4:$DG$20)
57.5,1903,1282,74642,7128,3702,16245,1430,2311,974,10652,=E18+F18+G18,=K18+I18+H18,=M18+B18+C18,=SUM(B18:L18),,23,=B18,=C18,=D18,=E18,=F18,=G18,=H18,=I18,=J18,=K18,=L18,=M18,=N18,=O18,=AD18+Z18,=AE18-AF18,,,=A18,=R18/R$27,=S18/S$27,=T18/T$27,=U18/U$27,=V18/V$27,=W18/W$27,=X18/X$27,=Y18/Y$27,=Z18/Z$27,=AA18/AA$27,=AB18/AB$27,=AC18/AC$27,=AD18/AD$27,=AE18/AE$27,=AF18/AF$27,=AG18/AG$27,,=AK18+BB17,=AL18+BC17,=AM18+BD17,=AN18+BE17,=AO18+BF17,=AP18+BG17,=AQ18+BH17,=AR18+BI17,=AS18+BJ17,=AT18+BK17,=AU18+BL17,=AV18+BM17,=AW18+BN17,=AX18+BO17,,57.5,=AX18,=LN(BR18),=BU18*BU18,=BQ18,=SQRT(BQ18),=EXP(+$CB$2+$CA$8*BU18+$CB$8*BV18),=(BW18/$BW$26),,,,,,,,65,70,10950.71,0.0134,794451.7,0.9747,,,0.011145958,,,Regression Output:,,,,,,70,75,6371.347,0.0069,912788,0.9907,,70,75,3145.559,0.0195,142847.9,0.8863,=DF18/$DF$23,=DI18/SUM($DG$4:$DG$20)
62.5,1576,1056,18209,2898,1738,2232,691,2400,487,5504,=E19+F19+G19,=K19+I19+H19,=M19+B19+C19,=SUM(B19:L19),,25,=B19,=C19,=D19,=E19,=F19,=G19,=H19,=I19,=J19,=K19,=L19,=M19,=N19,=O19,=AD19+Z19,=AE19-AF19,,,=A19,=R19/R$27,=S19/S$27,=T19/T$27,=U19/U$27,=V19/V$27,=W19/W$27,=X19/X$27,=Y19/Y$27,=Z19/Z$27,=AA19/AA$27,=AB19/AB$27,=AC19/AC$27,=AD19/AD$27,=AE19/AE$27,=AF19/AF$27,=AG19/AG$27,,=AK19+BB18,=AL19+BC18,=AM19+BD18,=AN19+BE18,=AO19+BF18,=AP19+BG18,=AQ19+BH18,=AR19+BI18,=AS19+BJ18,=AT19+BK18,=AU19+BL18,=AV19+BM18,=AW19+BN18,=AX19+BO18,,62.5,=AX19,=LN(BR19),=BU19*BU19,=BQ19,=SQRT(BQ19),=EXP(+$CB$2+$CA$8*BU19+$CB$8*BV19),=(BW19/$BW$26),,,,,,,,70,75,7829.482,0.0096,802281.2,0.9843,,,0.013247044,,Constant,,,0.004485429,,,,75,80,4476.533,0.0049,917264.5,0.9955,,75,80,2667.329,0.0165,145515.3,0.9028,=DF19/$DF$23,=DI19/SUM($DG$4:$DG$20)
67.5,818,649,16810,1609,1697,2610,1733,2098,133,4175,=E20+F20+G20,=K20+I20+H20,=M20+B20+C20,=SUM(B20:L20),,27,=B20,=C20,=D20,=E20,=F20,=G20,=H20,=I20,=J20,=K20,=L20,=M20,=N20,=O20,=AD20+Z20,=AE20-AF20,,,=A20,=R20/R$27,=S20/S$27,=T20/T$27,=U20/U$27,=V20/V$27,=W20/W$27,=X20/X$27,=Y20/Y$27,=Z20/Z$27,=AA20/AA$27,=AB20/AB$27,=AC20/AC$27,=AD20/AD$27,=AE20/AE$27,=AF20/AF$27,=AG20/AG$27,,=AK20+BB19,=AL20+BC19,=AM20+BD19,=AN20+BE19,=AO20+BF19,=AP20+BG19,=AQ20+BH19,=AR20+BI19,=AS20+BJ19,=AT20+BK19,=AU20+BL19,=AV20+BM19,=AW20+BN19,=AX20+BO19,,67.5,=AX20,=LN(BR20),=BU20*BU20,=BQ20,=SQRT(BQ20),=EXP(+$CB$2+$CA$8*BU20+$CB$8*BV20),=(BW20/$BW$26),,,,,,,,75,80,4729.733,0.0058,807011,0.9901,,,0.004300379,,Std Err of Y Est,,,0.021239735,,,,80,85,2878.755,0.0031,920143.3,0.9987,,80,85,2271.831,0.0141,147787.1,0.9169,=DF20/$DF$23,=DI20/SUM($DG$4:$DG$20)
72.5,267,536,24320,1596,2242,2805,0,1624,405,5020,=E21+F21+G21,=K21+I21+H21,=M21+B21+C21,=SUM(B21:L21),,29,=B21,=C21,=D21,=E21,=F21,=G21,=H21,=I21,=J21,=K21,=L21,=M21,=N21,=O21,=AD21+Z21,=AE21-AF21,,,=A21,=R21/R$27,=S21/S$27,=T21/T$27,=U21/U$27,=V21/V$27,=W21/W$27,=X21/X$27,=Y21/Y$27,=Z21/Z$27,=AA21/AA$27,=AB21/AB$27,=AC21/AC$27,=AD21/AD$27,=AE21/AE$27,=AF21/AF$27,=AG21/AG$27,,=AK21+BB20,=AL21+BC20,=AM21+BD20,=AN21+BE20,=AO21+BF20,=AP21+BG20,=AQ21+BH20,=AR21+BI20,=AS21+BJ20,=AT21+BK20,=AU21+BL20,=AV21+BM20,=AW21+BN20,=AX21+BO20,,72.5,=AX21,=LN(BR21),=BU21*BU21,=BQ21,=SQRT(BQ21),=EXP(+$CB$2+$CA$8*BU21+$CB$8*BV21),=(BW21/$BW$26),,,,,,,,80,85,2979.044,0.0037,809990,0.9938,,,0.0038912354,,R Squared,,,0.81894796,,,,85,90,1049.249,0.0011,921192.5,0.9998,,85,90,1657.146,0.0103,149444.2,0.9272,=DF21/$DF$23,
77.5,674,163,6635,376,190,796,1945,474,,2142,=E22+F22+G22,=K22+I22+H22,=M22+B22+C22,=SUM(B22:L22),,31,=B22,=C22,=D22,=E22,=F22,=G22,=H22,=I22,=J22,=K22,=L22,=M22,=N22,=O22,=AD22+Z22,=AE22-AF22,,,=A22,=R22/R$27,=S22/S$27,=T22/T$27,=U22/U$27,=V22/V$27,=W22/W$27,=X22/X$27,=Y22/Y$27,=Z22/Z$27,=AA22/AA$27,=AB22/AB$27,=AC22/AC$27,=AD22/AD$27,=AE22/AE$27,=AF22/AF$27,=AG22/AG$27,,=AK22+BB21,=AL22+BC21,=AM22+BD21,=AN22+BE21,=AO22+BF21,=AP22+BG21,=AQ22+BH21,=AR22+BI21,=AS22+BJ21,=AT22+BK21,=AU22+BL21,=AV22+BM21,=AW22+BN21,=AX22+BO21,,77.5,=AX22,=LN(BR22),=BU22*BU22,=BQ22,=SQRT(BQ22),=EXP(+$CB$2+$CA$8*BU22+$CB$8*BV22),=(BW22/$BW$26),,,,,,,,85,90,2879.243,0.0035,812869.3,0.9973,,,0.0088691492,,No. of Observations,,,18,,,,90,95,175.8255,0.0002,921368.3,1,,90,95,1378.958,0.0086,150823.2,0.9357,=DF22/$DF$23,
82.5,756,,2573,693,437,942,1411,2413,,2056,=E23+F23+G23,=K23+I23+H23,=M23+B23+C23,=SUM(B23:L23),,33,=B23,=C23,=D23,=E23,=F23,=G23,=H23,=I23,=J23,=K23,=L23,=M23,=N23,=O23,=AD23+Z23,=AE23-AF23,,,=A23,=R23/R$27,=S23/S$27,=T23/T$27,=U23/U$27,=V23/V$27,=W23/W$27,=X23/X$27,=Y23/Y$27,=Z23/Z$27,=AA23/AA$27,=AB23/AB$27,=AC23/AC$27,=AD23/AD$27,=AE23/AE$27,=AF23/AF$27,=AG23/AG$27,,=AK23+BB22,=AL23+BC22,=AM23+BD22,=AN23+BE22,=AO23+BF22,=AP23+BG22,=AQ23+BH22,=AR23+BI22,=AS23+BJ22,=AT23+BK22,=AU23+BL22,=AV23+BM22,=AW23+BN22,=AX23+BO22,,82.5,=AX23,=LN(BR23),=BU23*BU23,=BQ23,=SQRT(BQ23),=EXP(+$CB$2+$CA$8*BU23+$CB$8*BV23),=(BW23/$BW$26),,,,,,,,90,95,1065.175,0.0013,813934.5,0.9986,,,,,Degrees of Freedom,,,16,,,,95,100,0,0,921368.3,1,,,,=SUM(DF1:DF22),,,,,
87.5,76,,13183,1763,1875,3487,0,721,,2205,=E24+F24+G24,=K24+I24+H24,=M24+B24+C24,=SUM(B24:L24),,35,=B24,=C24,=D24,=E24,=F24,=G24,=H24,=I24,=J24,=K24,=L24,=M24,=N24,=O24,=AD24+Z24,=AE24-AF24,,,=A24,=R24/R$27,=S24/S$27,=T24/T$27,=U24/U$27,=V24/V$27,=W24/W$27,=X24/X$27,=Y24/Y$27,=Z24/Z$27,=AA24/AA$27,=AB24/AB$27,=AC24/AC$27,=AD24/AD$27,=AE24/AE$27,=AF24/AF$27,=AG24/AG$27,,=AK24+BB23,=AL24+BC23,=AM24+BD23,=AN24+BE23,=AO24+BF23,=AP24+BG23,=AQ24+BH23,=AR24+BI23,=AS24+BJ23,=AT24+BK23,=AU24+BL23,=AV24+BM23,=AW24+BN23,=AX24+BO23,,87.5,=AX24,=LN(BR24),=BU24*BU24,=BQ24,=SQRT(BQ24),=EXP(+$CB$2+$CA$8*BU24+$CB$8*BV24),=(BW24/$BW$26),,,,,,,,95,100,742.0578,0.0009,814676.5,0.9995,,,,,,,,,,,,100,105,0,0,921368.3,1,,,,,,,,,
,,,,,,,,,,,,,,,,,,,,,,,,,,,,,,,,,,,,,,,,,,,,,,,,,,,,,,,,,,,,,,,,,,,,,,,,,,,,,,,,,,,,,,,,,,,,,X Coefficient(s),,0.91953814,,,,,105,110,0,0,921368.3,1,,95,100,1306.615,0.0081,152129.8,0.9439,,
,,,,,,,,,,,,,,,,,,,,,,,,,,,,,,,,,,,,,,,,,,,,,,,,,,,,,,,,,,,,,,,,,,,,,=SUM(BR7:BR24),,,,,=SUM(BW7:BW24),=SUM(BX7:BX24),,,,,,,,,,,,,,,,,,Std Err of Coef.,,0.10808945,,,,,110,115,0,0,921368.3,1,,100,105,1009.68,0.0063,153139.5,0.9501,,
,=SUM(B7:B26),=SUM(C7:C26),=SUM(D7:D26),=SUM(E7:E26),=SUM(F7:F26),=SUM(G7:G26),=SUM(H7:H26),=SUM(I7:I26),=SUM(J7:J26),=SUM(K7:K26),=SUM(L7:L26),=SUM(M7:M26),=SUM(N7:N26),=SUM(O7:O26),,,=SUM(R7:R26),=SUM(S7:S26),=SUM(T7:T26),=SUM(U7:U26),=SUM(V7:V26),=SUM(W7:W26),=SUM(X7:X26),=SUM(Y7:Y26),=SUM(Z7:Z26),=SUM(AA7:AA26),=SUM(AB7:AB26),=SUM(AC7:AC26),=SUM(AD7:AD26),=SUM(AE7:AE26),=SUM(AF7:AF26),=SUM(AG7:AG26),,,,=SUM(AK7:AK26),=SUM(AL7:AL26),=SUM(AM7:AM26),=SUM(AN7:AN26),=SUM(AO7:AO26),=SUM(AP7:AP26),=SUM(AQ7:AQ26),=SUM(AR7:AR26),=SUM(AS7:AS26),=SUM(AT7:AT26),=SUM(AU7:AU26),=SUM(AV7:AV26),=SUM(AW7:AW26),=SUM(AX7:AX26),=SUM(AY7:AY26),=SUM(AZ7:AZ26),,,,,,,,,,,,,,,,,,,,,,,,,,,,,,,,,,,,,,,,,,,,,,,,,115,120,0,0,921368.3,1,,105,110,834.1803,0.0052,153973.7,0.9553,,
,,,,,,,,,,,,,,,,,,,,,,,,,,,,,,,,,,,,,,,,,,,,,,,,,,,,,,,,,,,,,,,,,,,,,,,,,,,,,,,,,,,,,,,,,,,,,,,,,,,,120,125,0,0,921368.3,1,,110,115,808.5168,0.005,154782.2,0.9603,,
,,,,,,,,,,,,,,,,,,,,,,,,,,,,,,,,,,,,,,,,,,,,,,,,,,,,,,,,,,,,,,,,,,,,,,,,,,,,,,,,,,,,,,,,,,,,,,,,,,,,125,130,0,0,921368.3,1,,115,120,695.2113,0.0043,155477.4,0.9646,,
,,,,,,,,,,,,,,,,,,,,,,,,,,,,,,,,,,,,,,,,,,,,,,,,,,,,,,,,,,,,,,,,,,,,,,,,,,,,,,,,,,,,,,,,,,,,,,,,,,,,130,135,0,0,921368.3,1,,120,125,583.8037,0.0036,156061.2,0.9682,,
,,,,,,,,,,,,,,,,,,,,,,,,,,,,,,,,,,,,,,,,,,,,,,,,,,,,,,,,,,,,,,,,,,,,,,,,,,,,,,,,,,,,,,,,,,,,,,,,,,,,135,140,0,0,921368.3,1,,125,130,548.5765,0.0034,156609.8,0.9716,,
,,,,,,,,,,,,,,,,,,,,,,,,,,,,,,,,,,,,,,,,,,,,,,,,,,,,,,,,,,,,,,,,,,,,,,,,,,,,,,,,,,,,,,,,,,,,,,,,,,,,140,145,0,0,921368.3,1,,130,135,457.3862,0.0028,157067.2,0.9745,,
,,,,,,,,,,,,,,,,,,,,,,,,,,,,,,,,,,,,,,,,,,,,,,,,,,,,,,,,,,,,,,,,,,,,,,,,,,,,,,,,,,,,,,,,,,,,,,,,,,,,145,150,0,0,921368.3,1,,135,140,486.8046,0.003,157554,0.9775,,
,,,,,,,,,,,,,,,,,,,,,,,,,,,,,,,,,,,,,,,,,,,,,,,,,,,,,,,,,,,,,,,,,,,,,,,,,,,,,,,,,,,,,,,,,,,,,,,,,,,,,,,,,,,140,145,319.9586,0.002,157873.9,0.9795,,
,,,,,,,,,,,,,,,,,,,,,,,,,,,,,,,,,,,,,,,,,,,,,,,,,,,,,,,,,,,,,,,,,,,,,,,,,,,,,,,,,,,,,,,,,,,,,,,,,,,,,,,,,,,145,150,378.9738,0.0024,158252.9,0.9818,,
,,,,,,,,,,,,,,,,,,,,,,,,,,,,,,,,,,,,,,,,,,,,,,,,,,,,,,,,,,,,,,,,,,,,,,,,,,,,,,,,,,,,,,,,,,,,,,,,,,,,,,,,,,,,,,,,,,
,,,,,,,,,,,,,,,,,,,,,,,,,,,,,,,,,,,,,,,,,,,,,,,,,,,,,,,,,,,,,,,,,,,,,,,,,,,,,,,,,,,,,,,,,,,,,,,,,,,,,,,,,,,,,,,,,,
,,,,,,,,,,,,,,,,,,,,,,,,,,,,,,,,,,,,,,,,,,,,,,,,,,,,,,,,,,,,,,,,,,,,,,,,,,,,,,,,,,,,,,,,,,,,,,,,,,,,,,,,,,,,,,,,,,
,,,,,,,,,,,,,,,,,,,,,,,,,,,,,,,,,,,,,,,,,,,,,,,,,,,,,,,,,,,,,,,,,,,,,,,,,,,,,,,,,,,,,,,,,,,,,,,,,,,,,,,,,,,,,,,,,,
,,,,,,,,,,,,,,,,,,,,,,,,,,,,,,,,,,,,,,,,,,,,,,,,,,,,,,,,,,,,,,,,,,,,,,,,,,,,,,,,,,,,,,,,,,,,,,,,,,,,,,,,,,,,,,,,,,
,,,,,,,,,,,,,,,,,,,,,,,,,,,,,,,,,,,,,,,,,,,,,,,,,,,,,,,,,,,,,,,,,,,,,,,,,,,,,,,,,,,,,,,,,,,,,,,,,,,,,,,,,,,,,,,,,,
,,,,,,,,,,,,,,,,,,,,,,,,,,,,,,,,,,,,,,,,,,,,,,,,,,,,,,,,,,,,,,,,,,,,,,,,,,,,,,,,,,,,,,,,,,,,,,,,,,,,,,,,,,,,,,,,,,
,,,,,,,,,,,,,,,,,,,,,,,,,,,,,,,,,,,,,,,,,,,,,,,,,,,,,,,,,,,,,,,,,,,,,,,,,,,,,,,,,,,,,,,,,,,,,,,,,,,,,,,,,,,,,,,,,,
,,,,,,,,,,,,,,,,,,,,,,,,,,,,,,,,,,,,,,,,,,,,,,,,,,,,,,,,,,,,,,,,,,,,,,,,,,,,,,,,,,,,,,,,,,,,,,,,,,,,,,,,,,,,,,,,,,
,,,,,,,,,,,,,,,,,,,,,,,,,,,,,,,,,,,,,,,,,,,,,,,,,,,,,,,,,,,,,,,,,,,,,,,,,,,,,,,,,,,,,,,,,,,,,,,,,,,,,,,,,,,,,,,,,,
,,,,,,,,,,,,,,,,,,,,,,,,,,,,,,,,,,,,,,,,,,,,,,,,,,,,,,,,,,,,,,,,,,,,,,,,,,,,,,,,,,,,,,,,,,,,,,,,,,,,,,,,,,,,,,,,,,
,,,,,,,,,,,,,,,,,,,,,,,,,,,,,,,,,,,,,,,,,,,,,,,,,,,,,,,,,,,,,,,,,,,,,,,,,,,,,,,,,,,,,,,,,,,,,,,,,,,,,,,,,,,,,,,,,,
,,,,,,,,,,,,,,,,,,,,,,,,,,,,,,,,,,,,,,,,,,,,,,,,,,,,,,,,,,,,,,,,,,,,,,,,,,,,,,,,,,,,,,,,,,,,,,,,,,,,,,,,,,,,,,,,,,
,,,,,,,,,,,,,,,,,,,,,,,,,,,,,,,,,,,,,,,,,,,,,,,,,,,,,,,,,,,,,,,,,,,,,,,,,,,,,,,,,,,,,,,,,,,,,,,,,,,,,,,,,,,,,,,,,,
,,,,,,,,,,,,,,,,,,,,,,,,,,,,,,,,,,,,,,,,,,,,,,,,,,,,,,,,,,,,,,,,,,,,,,,,,,,,,,,,,,,,,,,,,,,,,,,,,,,,,,,,,,,,,,,,,,
NON-WORK TRIPS - 1988: DISTRIBUTION in 5 minute intervals,,,,,,,,,,,,,,,,,,,,,,,,,,,,,,,,,,,,,,,,,,,,,,,,,,,,,,,,,,,,,,,,,,,,,,,,,,,,,,,,,,,,,,,,,,,,,,,,,,,,,,,,,,,,,,,,,,
,,,,,,,,,,,,,,,,,,,,,,,,,,,,,,,,,,,,,,,,,,,,,,,,,,,,,CUMULATIVES,,,,,,,,,,,,,,,,,,,,,,,,,,,,,,,,,,,,,,,,,,,,,,,,,,,,,,,,,,,,,
,NWAU1,NWAU2,NWTRN,NWWALK,ALLTRIPS,,FACTOR,,,,,,,,,FACTOR,NWAU1,NWAU2,NWTRN,NWWALK,,,,,,,,,,,,,,,,NWAU1,NWAU2,NWTRN,NWWALK,ALLTRIPS,,,,,,,,,,,,,NWAU1,NWAU2,NWTRN,NWWALK,ALLTRIPS,,,,,,,,,,,TIME,P,ln(p),TIME^2,TIME,TIME^0.5,PREDICTED,,,,Regression Output:,,,,,,,,,,,,,,,,,,,,,,,,,,,,,,,,,,,,
2.5,96871,150936,4095,20583,=SUM(B54:E54),,1,,,,,,,,,1,=B54/$Q54,=C54/$Q54,=D54/$Q54,=E54/$Q54,=F54/$Q54,,,,,,,,,,,,,,0,=R54/R$74,=S54/S$74,=T54/T$74,=U54/U$74,=V54/V$74,,,,,,,,,,,,,=AK54,=AL54,=AM54,=AN54,=AO54,,,,,,,,,,,2.5,=AN54,=LN(BR54),=BU54*BU54,=BQ54,=SQRT(BQ54),=EXP(+$CC$54+$CB$60*BU54+$CC$60*BU54),=BW54/$BW$26,,Constant,,,-0.18606903,,,0,5,512678.8,0.2915,512678.8,0.2915,,,,,,,,,,,,,,,,,,,,,,,,,,
7.5,108387,165630,5229,14293,=SUM(B55:E55),,3,,,,,,,,,3,=B55/$Q55,=C55/$Q55,=D55/$Q55,=E55/$Q55,=F55/$Q55,,,,,,,,,,,,,,5,=R55/R$74,=S55/S$74,=T55/T$74,=U55/U$74,=V55/V$74,,,,,,,,,,,,,=AK55+BB54,=AL55+BC54,=AM55+BD54,=AN55+BE54,=AO55+BF54,,,,,,,,,,,7.5,=AN55,=LN(BR55),=BU55*BU55,=BQ55,=SQRT(BQ55),=EXP(+$CC$54+$CB$60*BU55+$CC$60*BU55),=BW55/$BW$26,,Std Err of Y Est,,,0.54003558,,,5,10,284162.8,0.1616,796841.6,0.4531,,,,,,,,,,,,,,,,,,,,,,,,,,
12.5,83450,150992,5184,14376,=SUM(B56:E56),,5,,,,,,,,,5,=B56/$Q56,=C56/$Q56,=D56/$Q56,=E56/$Q56,=F56/$Q56,,,,,,,,,,,,,,10,=R56/R$74,=S56/S$74,=T56/T$74,=U56/U$74,=V56/V$74,,,,,,,,,,,,,=AK56+BB55,=AL56+BC55,=AM56+BD55,=AN56+BE55,=AO56+BF55,,,,,,,,,,,12.5,=AN56,=LN(BR56),=BU56*BU56,=BQ56,=SQRT(BQ56),=EXP(+$CC$54+$CB$60*BU56+$CC$60*BU56),=BW56/$BW$26,,R Squared,,,0.95341634,,,10,15,283462,0.1612,1080304,0.6142,,,,,,,,,,,,,,,,,,,,,,,,,,
17.5,52618,85960,5002,5748,=SUM(B57:E57),,7,,,,,,,,,7,=B57/$Q57,=C57/$Q57,=D57/$Q57,=E57/$Q57,=F57/$Q57,,,,,,,,,,,,,,15,=R57/R$74,=S57/S$74,=T57/T$74,=U57/U$74,=V57/V$74,,,,,,,,,,,,,=AK57+BB56,=AL57+BC56,=AM57+BD56,=AN57+BE56,=AO57+BF56,,,,,,,,,,,17.5,=AN57,=LN(BR57),=BU57*BU57,=BQ57,=SQRT(BQ57),=EXP(+$CC$54+$CB$60*BU57+$CC$60*BU57),=BW57/$BW$26,,No. of Observations,,,8,,,15,20,221369.4,0.1259,1301673,0.7401,,,,,,,,,,,,,,,,,,,,,,,,,,
22.5,26426,40819,3484,1843,=SUM(B58:E58),,9,,,,,,,,,9,=B58/$Q58,=C58/$Q58,=D58/$Q58,=E58/$Q58,=F58/$Q58,,,,,,,,,,,,,,20,=R58/R$74,=S58/S$74,=T58/T$74,=U58/U$74,=V58/V$74,,,,,,,,,,,,,=AK58+BB57,=AL58+BC57,=AM58+BD57,=AN58+BE57,=AO58+BF57,,,,,,,,,,,22.5,=AN58,=LN(BR58),=BU58*BU58,=BQ58,=SQRT(BQ58),=EXP(+$CC$54+$CB$60*BU58+$CC$60*BU58),=BW58/$BW$26,,Degrees of Freedom,,,6,,,20,25,154843.3,0.088,1456516,0.8282,,,,,,,,,,,,,,,,,,,,,,,,,,
27.5,44422,64311,5190,4301,=SUM(B59:E59),,11,,,,,,,,,11,=B59/$Q59,=C59/$Q59,=D59/$Q59,=E59/$Q59,=F59/$Q59,,,,,,,,,,,,,,25,=R59/R$74,=S59/S$74,=T59/T$74,=U59/U$74,=V59/V$74,,,,,,,,,,,,,=AK59+BB58,=AL59+BC58,=AM59+BD58,=AN59+BE58,=AO59+BF58,,,,,,,,,,,27.5,=AN59,=LN(BR59),=BU59*BU59,=BQ59,=SQRT(BQ59),=EXP(+$CC$54+$CB$60*BU59+$CC$60*BU59),=BW59/$BW$26,,,,,,,,25,30,106902.9,0.0608,1563419,0.8889,,,,,,,,,,,,,,,,,,,,,,,,,,
32.5,12830,18204,2627,486,=SUM(B60:E60),,13,,,,,,,,,13,=B60/$Q60,=C60/$Q60,=D60/$Q60,=E60/$Q60,=F60/$Q60,,,,,,,,,,,,,,30,=R60/R$74,=S60/S$74,=T60/T$74,=U60/U$74,=V60/V$74,,,,,,,,,,,,,=AK60+BB59,=AL60+BC59,=AM60+BD59,=AN60+BE59,=AO60+BF59,,,,,,,,,,,32.5,=AN60,=LN(BR60),=BU60*BU60,=BQ60,=SQRT(BQ60),=EXP(+$CC$54+$CB$60*BU60+$CC$60*BU60),=BW60/$BW$26,,X Coefficient(s),,-0.18468339,0,,,30,35,70775,0.0402,1634194,0.9292,,,,,,,,,,,,,,,,,,,,,,,,,,
37.5,14351,19024,1712,435,=SUM(B61:E61),,15,,,,,,,,,15,=B61/$Q61,=C61/$Q61,=D61/$Q61,=E61/$Q61,=F61/$Q61,,,,,,,,,,,,,,35,=R61/R$74,=S61/S$74,=T61/T$74,=U61/U$74,=V61/V$74,,,,,,,,,,,,,=AK61+BB60,=AL61+BC60,=AM61+BD60,=AN61+BE60,=AO61+BF60,,,,,,,,,,,37.5,=AN61,=LN(BR61),=BU61*BU61,=BQ61,=SQRT(BQ61),=EXP(+$CC$54+$CB$60*BU61+$CC$60*BU61),=BW61/$BW$26,,Std Err of Coef.,,0.01666586,0.8225447,,,35,40,46684.19,0.0265,1680878,0.9557,,,,,,,,,,,,,,,,,,,,,,,,,,
42.5,13541,14415,3142,0,=SUM(B62:E62),,17,,,,,,,,,17,=B62/$Q62,=C62/$Q62,=D62/$Q62,=E62/$Q62,=F62/$Q62,,,,,,,,,,,,,,40,=R62/R$74,=S62/S$74,=T62/T$74,=U62/U$74,=V62/V$74,,,,,,,,,,,,,=AK62+BB61,=AL62+BC61,=AM62+BD61,=AN62+BE61,=AO62+BF61,,,,,,,,,,,42.5,=AN62,=LN(BR62),=BU62*BU62,=BQ62,=SQRT(BQ62),=EXP(+$CC$54+$CB$60*BU62+$CC$60*BU62),=BW62/$BW$26,,,,=CB60/CB61,=CC60/CC61,,,40,45,31096.81,0.0177,1711975,0.9734,,,,,,,,,,,,,,,,,,,,,,,,,,
47.5,6446,12544,1059,0,=SUM(B63:E63),,19,,,,,,,,,19,=B63/$Q63,=C63/$Q63,=D63/$Q63,=E63/$Q63,=F63/$Q63,,,,,,,,,,,,,,45,=R63/R$74,=S63/S$74,=T63/T$74,=U63/U$74,=V63/V$74,,,,,,,,,,,,,=AK63+BB62,=AL63+BC62,=AM63+BD62,=AN63+BE62,=AO63+BF62,,,,,,,,,,,47.5,=AN63,=LN(BR63),=BU63*BU63,=BQ63,=SQRT(BQ63),=EXP(+$CC$54+$CB$60*BU63+$CC$60*BU63),=BW63/$BW$26,,,,,,,,45,50,20653.28,0.0117,1732628,0.9852,,,,,,,,,,,,,,,,,,,,,,,,,,
52.5,2490,4968,2041,0,=SUM(B64:E64),,21,,,,,,,,,21,=B64/$Q64,=C64/$Q64,=D64/$Q64,=E64/$Q64,=F64/$Q64,,,,,,,,,,,,,,50,=R64/R$74,=S64/S$74,=T64/T$74,=U64/U$74,=V64/V$74,,,,,,,,,,,,,=AK64+BB63,=AL64+BC63,=AM64+BD63,=AN64+BE63,=AO64+BF63,,,,,,,,,,,52.5,=AN64,=LN(BR64),=BU64*BU64,=BQ64,=SQRT(BQ64),=EXP(+$CC$54+$CB$60*BU64+$CC$60*BU64),=BW64/$BW$26,,,,,,,,50,55,13968,0.0079,1746596,0.9931,,,,,,,,,,,,,,,,,,,,,,,,,,
57.5,7285,10978,3080,0,=SUM(B65:E65),,23,,,,,,,,,23,=B65/$Q65,=C65/$Q65,=D65/$Q65,=E65/$Q65,=F65/$Q65,,,,,,,,,,,,,,55,=R65/R$74,=S65/S$74,=T65/T$74,=U65/U$74,=V65/V$74,,,,,,,,,,,,,=AK65+BB64,=AL65+BC64,=AM65+BD64,=AN65+BE64,=AO65+BF64,,,,,,,,,,,57.5,=AN65,=LN(BR65),=BU65*BU65,=BQ65,=SQRT(BQ65),=EXP(+$CC$54+$CB$60*BU65+$CC$60*BU65),=BW65/$BW$26,,,,,,,,55,60,9069.253,0.0052,1755666,0.9983,,,,,,,,,,,,,,,,,,,,,,,,,,
62.5,2108,1882,776,0,=SUM(B66:E66),,25,,,,,,,,,25,=B66/$Q66,=C66/$Q66,=D66/$Q66,=E66/$Q66,=F66/$Q66,,,,,,,,,,,,,,60,=R66/R$74,=S66/S$74,=T66/T$74,=U66/U$74,=V66/V$74,,,,,,,,,,,,,=AK66+BB65,=AL66+BC65,=AM66+BD65,=AN66+BE65,=AO66+BF65,,,,,,,,,,,62.5,=AN66,=LN(BR66),=BU66*BU66,=BQ66,=SQRT(BQ66),=EXP(+$CC$54+$CB$60*BU66+$CC$60*BU66),=BW66/$BW$26,,,,,,,,60,65,1993.559,0.0011,1757659,0.9994,,,,,,,,,,,,,,,,,,,,,,,,,,
67.5,906,3359,1555,0,=SUM(B67:E67),,27,,,,,,,,,27,=B67/$Q67,=C67/$Q67,=D67/$Q67,=E67/$Q67,=F67/$Q67,,,,,,,,,,,,,,65,=R67/R$74,=S67/S$74,=T67/T$74,=U67/U$74,=V67/V$74,,,,,,,,,,,,,=AK67+BB66,=AL67+BC66,=AM67+BD66,=AN67+BE66,=AO67+BF66,,,,,,,,,,,67.5,=AN67,=LN(BR67),=BU67*BU67,=BQ67,=SQRT(BQ67),=EXP(+$CC$54+$CB$60*BU67+$CC$60*BU67),=BW67/$BW$26,,,,,,,,65,70,473.2897,0.0003,1758132,0.9997,,,,,,,,,,,,,,,,,,,,,,,,,,
72.5,1857,4336,1122,0,=SUM(B68:E68),,29,,,,,,,,,29,=B68/$Q68,=C68/$Q68,=D68/$Q68,=E68/$Q68,=F68/$Q68,,,,,,,,,,,,,,70,=R68/R$74,=S68/S$74,=T68/T$74,=U68/U$74,=V68/V$74,,,,,,,,,,,,,=AK68+BB67,=AL68+BC67,=AM68+BD67,=AN68+BE67,=AO68+BF67,,,,,,,,,,,72.5,=AN68,=LN(BR68),=BU68*BU68,=BQ68,=SQRT(BQ68),=EXP(+$CC$54+$CB$60*BU68+$CC$60*BU68),=BW68/$BW$26,,,,,,,,70,75,221.3114,0.0001,1758354,0.9998,,,,,,,,,,,,,,,,,,,,,,,,,,
77.5,1262,2575,418,0,=SUM(B69:E69),,31,,,,,,,,,31,=B69/$Q69,=C69/$Q69,=D69/$Q69,=E69/$Q69,=F69/$Q69,,,,,,,,,,,,,,75,=R69/R$74,=S69/S$74,=T69/T$74,=U69/U$74,=V69/V$74,,,,,,,,,,,,,=AK69+BB68,=AL69+BC68,=AM69+BD68,=AN69+BE68,=AO69+BF68,,,,,,,,,,,77.5,=AN69,=LN(BR69),=BU69*BU69,=BQ69,=SQRT(BQ69),=EXP(+$CC$54+$CB$60*BU69+$CC$60*BU69),=BW69/$BW$26,,,,,,,,75,80,138.729,0.0001,1758492,0.9999,,,,,,,,,,,,,,,,,,,,,,,,,,
82.5,190,534,234,0,=SUM(B70:E70),,33,,,,,,,,,33,=B70/$Q70,=C70/$Q70,=D70/$Q70,=E70/$Q70,=F70/$Q70,,,,,,,,,,,,,,80,=R70/R$74,=S70/S$74,=T70/T$74,=U70/U$74,=V70/V$74,,,,,,,,,,,,,=AK70+BB69,=AL70+BC69,=AM70+BD69,=AN70+BE69,=AO70+BF69,,,,,,,,,,,82.5,=AN70,=LN(BR70),=BU70*BU70,=BQ70,=SQRT(BQ70),=EXP(+$CC$54+$CB$60*BU70+$CC$60*BU70),=BW70/$BW$26,,,,,,,,80,85,69.48059,0,1758562,0.9999,,,,,,,,,,,,,,,,,,,,,,,,,,
87.5,2204,2856,303,0,=SUM(B71:E71),,35,,,,,,,,,35,=B71/$Q71,=C71/$Q71,=D71/$Q71,=E71/$Q71,=F71/$Q71,,,,,,,,,,,,,,85,=R71/R$74,=S71/S$74,=T71/T$74,=U71/U$74,=V71/V$74,,,,,,,,,,,,,=AK71+BB70,=AL71+BC70,=AM71+BD70,=AN71+BE70,=AO71+BF70,,,,,,,,,,,87.5,=AN71,=LN(BR71),=BU71*BU71,=BQ71,=SQRT(BQ71),=EXP(+$CC$54+$CB$60*BU71+$CC$60*BU71),=BW71/$BW$26,,,,,,,,85,90,41.181,0,1758603,0.9999,,,,,,,,,,,,,,,,,,,,,,,,,,
90,720,314,469,0,=SUM(B72:E72),,,,,,,,,,,,,,,,,,,,,,,,,,,,,,90,=R72/R$74,=S72/S$74,=T72/T$74,=U72/U$74,=V72/V$74,,,,,,,,,,,,,,,,,,,,,,,,,,,,92.5,=AN72,=LN(BR72),=BU72*BU72,=BQ72,=SQRT(BQ72),=EXP(+$CC$54+$CB$60*BU72+$CC$60*BU72),=BW72/$BW$26,,,,,,,,90,95,26.07014,0,1758629,0.9999,,,,,,,,,,,,,,,,,,,,,,,,,,
,,,,,,,,,,,,,,,,,,,,,,,,,,,,,,,,,,,,,,,,,,,,,,,,,,,,,,,,,,,,,,,,,,,,,,,,,,,,,,,,,,,95,100,23.69958,0,1758653,0.9999,,,,,,,,,,,,,,,,,,,,,,,,,,
,=SUM(B54:B73),=SUM(C54:C73),=SUM(D54:D73),=SUM(E54:E73),=SUM(F54:F73),,,,,,,,,,,,=SUM(R54:R73),=SUM(S54:S73),=SUM(T54:T73),=SUM(U54:U73),,,,,,,,,,,,,,,,,,,,,=SUM(BR54:BR72),,,,,,,,,,,,,,,,,,,,,,,,,,,,,,,,,,,,,,,,,,,,,,,,,,,,,,,,,,,,,,,,,,,,,,,,,
,,,,,,,,,,,,,,,,,,,,,,,,,,,,,,,,,,,,,,,,,,,,,,,,,,,,,,,,,,,,,,,,,,,,,,,,,,,,,,,,,,,,,,,,,,,,,,,,,,,,,,,,,,,,,,,,,,
,,,,,,,,,,,,,,,,,,,,,,,,,,,,,,,,,,,,,,,,,,,,,,,,,,,,,,,,,,,,,,,,,,,,,,,,,,,,,,,,,,,,,,,,,,,,,,,,,,,,,,,,,,,,,,,,,,
,,,,,,,,,,,,,,,,,,,,,,,,,,,,,,,,,,,,,,,,,,,,,,,,,,,,,,,,,,,,,,,,,,,,,,,,,,,,,,,,,,,,,,,,,,,,,,,,,,,,,,,,,,,,,,,,,,
,,,,,,,,,,,,,,,,,,,,,,,,,,,,,,,,,,,,,,,,,,,,,,,,,,,,,,,,,,,,,,,,,,,,,,,,,,,,,,,,,,,,,,,,,,,,,,,,,,,,,,,,,,,,,,,,,,
,,,,,,,,,,,,,,,,,,,,,,,,,,,,,,,,,,,,,,,,,,,,,,,,,,,,,,,,,,,,,,,,,,,,,,,,,,,,,,,,,,,,,,,,,,,,,,,,,,,,,,,,,,,,,,,,,,
,,,,,,,,,,,,,,,,,,,,,,,,,,,,,,,,,,,,,,,,,,,,,,,,,,,,,,,,,,,,,,,,,,,,,,,,,,,,,,,,,,,,,,,,,,,,,,,,,,,,,,,,,,,,,,,,,,
,,,,,,,,,,,,,,,,,,,,,,,,,,,,,,,,,,,,,,,,,,,,,,,,,,,,,,,,,,,,,,,,,,,,,,,,,,,,,,,,,,,,,,,,,,,,,,,,,,,,,,,,,,,,,,,,,,
,,,,,,,,,,,,,,,,,,,,,,,,,,,,,,,,,,,,,,,,,,,,,,,,,,,,,,,,,,,,,,,,,,,,,,,,,,,,,,,,,,,,,,,,,,,,,,,,,,,,,,,,,,,,,,,,,,
,,,,,,,,,,,,,,,,,,,,,,,,,,,,,,,,,,,,,,,,,,,,,,,,,,,,,,,,,,,,,,,,,,,,,,,,,,,,,,,,,,,,,,,,,,,,,,,,,,,,,,,,,,,,,,,,,,
,,,,,,,,,,,,,,,,,,,,,,,,,,,,,,,,,,,,,,,,,,,,,,,,,,,,,,,,,,,,,,,,,,,,,,,,,,,,,,,,,,,,,,,,,,,,,,,,,,,,,,,,,,,,,,,,,,
,,,,,,,,,,,,,,,,,,,,,,,,,,,,,,,,,,,,,,,,,,,,,,,,,,,,,,,,,,,,,,,,,,,,,,,,,,,,,,,,,,,,,,,,,,,,,,,,,,,,,,,,,,,,,,,,,,
,,,,,,,,,,,,,,,,,,,,,,,,,,,,,,,,,,,,,,,,,,,,,,,,,,,,,,,,,,,,,,,,,,,,,,,,,,,,,,,,,,,,,,,,,,,,,,,,,,,,,,,,,,,,,,,,,,
,,,,,,,,,,,,,,,,,,,,,,,,,,,,,,,,,,,,,,,,,,,,,,,,,,,,,,,,,,,,,,,,,,,,,,,,,,,,,,,,,,,,,,,,,,,,,,,,,,,,,,,,,,,,,,,,,,
,,,,,,,,,,,,,,,,,,,,,,,,,,,,,,,,,,,,,,,,,,,,,,,,,,,,,,,,,,,,,,,,,,,,,,,,,,,,,,,,,,,,,,,,,,,,,,,,,,,,,,,,,,,,,,,,,,
,,,,,,,,,,,,,,,,,,,,,,,,,,,,,,,,,,,,,,,,,,,,,,,,,,,,,,,,,,,,,,,,,,,,,,,,,,,,,,,,,,,,,,,,,,,,,,,,,,,,,,,,,,,,,,,,,,
,,,,,,,,,,,,,,,,,,,,,,,,,,,,,,,,,,,,,,,,,,,,,,,,,,,,,,,,,,,,,,,,,,,,,,,,,,,,,,,,,,,,,,,,,,,,,,,,,,,,,,,,,,,,,,,,,,
,,,,,,,,,,,,,,,,,,,,,,,,,,,,,,,,,,,,,,,,,,,,,,,,,,,,,,,,,,,,,,,,,,,,,,,,,,,,,,,,,,,,,,,,,,,,,,,,,,,,,,,,,,,,,,,,,,
,,,,,,,,,,,,,,,,,,,,,,,,,,,,,,,,,,,,,,,,,,,,,,,,,,,,,,,,,,,,,,,,,,,,,,,,,,,,,,,,,,,,,,,,,,,,,,,,,,,,,,,,,,,,,,,,,,
,,,,,,,,,,,,,,,,,,,,,,,,,,,,,,,,,,,,,,,,,,,,,,,,,,,,,,,,,,,,,,,,,,,,,,,,,,,,,,,,,,,,,,,,,,,,,,,,,,,,,,,,,,,,,,,,,,
,,,,,,,,,,,,,,,,,,,,,,,,,,,,,,,,,,,,,,,,,,,,,,,,,,,,,,,,,,,,,,,,,,,,,,,,,,,,,,,,,,,,,,,,,,,,,,,,,,,,,,,,,,,,,,,,,,
,,,,,,,,,,,,,,,,,,,,,,,,,,,,,,,,,,,,,,,,,,,,,,,,,,,,,,,,,,,,,,,,,,,,,,,,,,,,,,,,,,,,,,,,,,,,,,,,,,,,,,,,,,,,,,,,,,
,,,,,,,,,,,,,,,,,,,,,,,,,,,,,,,,,,,,,,,,,,,,,,,,,,,,,,,,,,,,,,,,,,,,,,,,,,,,,,,,,,,,,,,,,,,,,,,,,,,,,,,,,,,,,,,,,,
,,,,,,,,,,,,,,,,,,,,,,,,,,,,,,,,,,,,,,,,,,,,,,,,,,,,,,,,,,,,,,,,,,,,,,,,,,,,,,,,,,,,,,,,,,,,,,,,,,,,,,,,,,,,,,,,,,
,,,,,,,,,,,,,,,,,,,,,,,,,,,,,,,,,,,,,,,,,,,,,,,,,,,,,,,,,,,,,,,,,,,,,,,,,,,,,,,,,,,,,,,,,,,,,,,,,,,,,,,,,,,,,,,,,,
,,,,,,,,,,,,,,,,,,,,,,,,,,,,,,,,,,,,,,,,,,,,,,,,,,,,,,,,,,,,,,,,,,,,,,,,,,,,,,,,,,,,,,,,,,,,,,,,,,,,,,,,,,,,,,,,,,
,,,,,,,,,,,,,,,,,,,,,,,,,,,,,,,,,,,,,,,,,,,,,,,,,,,,,,,,,,,,,,,,,,,,,,,,,,,,,,,,,,,,,,,,,,,,,,,,,,,,,,,,,,,,,,,,,,
LINKED WORK TRIPS - 1988: DISTRIBUTION in 5 minute intervals,,,,,,,,,,,,,,,,,,,,,,,,,,,,,,,,,,,,,,,,,,,,,,,,,,,,,,,,,,,,,,,,,,,,,,,,,,,,,,,,,,,,,,,,,,,,,,,,,,,,,,,,,,,,,,,,,,
,,,,,,,,,,,,,,,,,,,,,,,,,,,,,,,,,,,,,,,,,,,,,,,,,,,,,,,,,,,,,,,,,,,,,,,,,,,,,,,,,,,,,,,,,,,,,,,,,,,,,,,,,,,,,,,,,,
,,,,,,,,,,,,,,,,,,,,,,,,,,,,,,,,,,,,,,,,,,,,,,,,,,,,,,,,,,,,,,,,,,,,,,,,,,,,,,,,,,,,,,,,,,,,,,,,,,,,,,,,,,,,,,,,,,
,LKAU1,LKAU2,LKTRN,LKWALK,ALLTRIPS,,,,,,,,,,,,,,,,,,,,,,,,,,,,,,,LKAU1,LKAU2,LKTRN,LKWALK,,,,,,,,,,,,,,AU1,AU2,TRN,WALK,,,,,,,,,,,,TIME,P,ln(p),TIME^2,TIME,TIME^0.5,PREDICTED,,,,Regression Output:,,,,,,,,,,,,,,,,,,,,,,,,,,,,,,,,,,,,
2.5,13709,4094,441,1732,=SUM(B105:E105),,,,,,,,,,,,,,,,,,,,,,,,,,,,,,0,=B105/B$125,=C105/C$125,=D105/D$125,=E105/E$125,=F105/F$125,,,,,,,,,,,,,=AK105,=AL105,=AM105,=AN105,=AO105,,,,,,,,,,,2.5,=AO105,=LN(BR105),=BU105*BU105,=BQ105,=SQRT(BQ105),=EXP(+$CC$105+0*$CB$111*BT105+$CB$111*BU105+$CC$111*BV105),=BW105/$BW$26,,Constant,,,-3.463049,,,,,,,,,,,,,,,,,,,,,,,,,,,,,,,,,,
7.5,28549,11692,1922,1684,=SUM(B106:E106),,,,,,,,,,,,,,,,,,,,,,,,,,,,,,5,=B106/B$125,=C106/C$125,=D106/D$125,=E106/E$125,=F106/F$125,,,,,,,,,,,,,=AK106+BB105,=AL106+BC105,=AM106+BD105,=AN106+BE105,=AO106+BF105,,,,,,,,,,,7.5,=AO106,=LN(BR106),=BU106*BU106,=BQ106,=SQRT(BQ106),=EXP(+$CC$105+0*$CB$111*BT106+$CB$111*BU106+$CC$111*BV106),=BW106/$BW$26,,Std Err of Y Est,,,0.33076602,,,,,,,,,,,,,,,,,,,,,,,,,,,,,,,,,,
12.5,33105,11953,3199,1384,=SUM(B107:E107),,,,,,,,,,,,,,,,,,,,,,,,,,,,,,10,=B107/B$125,=C107/C$125,=D107/D$125,=E107/E$125,=F107/F$125,,,,,,,,,,,,,=AK107+BB106,=AL107+BC106,=AM107+BD106,=AN107+BE106,=AO107+BF106,,,,,,,,,,,12.5,=AO107,=LN(BR107),=BU107*BU107,=BQ107,=SQRT(BQ107),=EXP(+$CC$105+0*$CB$111*BT107+$CB$111*BU107+$CC$111*BV107),=BW107/$BW$26,,R Squared,,,0.94352098,,,,,,,,,,,,,,,,,,,,,,,,,,,,,,,,,,
17.5,26314,10380,1429,623,=SUM(B108:E108),,,,,,,,,,,,,,,,,,,,,,,,,,,,,,15,=B108/B$125,=C108/C$125,=D108/D$125,=E108/E$125,=F108/F$125,,,,,,,,,,,,,=AK108+BB107,=AL108+BC107,=AM108+BD107,=AN108+BE107,=AO108+BF107,,,,,,,,,,,17.5,=AO108,=LN(BR108),=BU108*BU108,=BQ108,=SQRT(BQ108),=EXP(+$CC$105+0*$CB$111*BT108+$CB$111*BU108+$CC$111*BV108),=BW108/$BW$26,,No. of Observations,,,19,,,,,,,,,,,,,,,,,,,,,,,,,,,,,,,,,,
22.5,13826,4836,2733,345,=SUM(B109:E109),,,,,,,,,,,,,,,,,,,,,,,,,,,,,,20,=B109/B$125,=C109/C$125,=D109/D$125,=E109/E$125,=F109/F$125,,,,,,,,,,,,,=AK109+BB108,=AL109+BC108,=AM109+BD108,=AN109+BE108,=AO109+BF108,,,,,,,,,,,22.5,=AO109,=LN(BR109),=BU109*BU109,=BQ109,=SQRT(BQ109),=EXP(+$CC$105+0*$CB$111*BT109+$CB$111*BU109+$CC$111*BV109),=BW109/$BW$26,,Degrees of Freedom,,,16,,,,,,,,,,,,,,,,,,,,,,,,,,,,,,,,,,
27.5,29061,11732,1395,272,=SUM(B110:E110),,,,,,,,,,,,,,,,,,,,,,,,,,,,,,25,=B110/B$125,=C110/C$125,=D110/D$125,=E110/E$125,=F110/F$125,,,,,,,,,,,,,=AK110+BB109,=AL110+BC109,=AM110+BD109,=AN110+BE109,=AO110+BF109,,,,,,,,,,,27.5,=AO110,=LN(BR110),=BU110*BU110,=BQ110,=SQRT(BQ110),=EXP(+$CC$105+0*$CB$111*BT110+$CB$111*BU110+$CC$111*BV110),=BW110/$BW$26,,,,,,,,,,,,,,,,,,,,,,,,,,,,,,,,,,,,,,,
32.5,11374,6488,1977,139,=SUM(B111:E111),,,,,,,,,,,,,,,,,,,,,,,,,,,,,,30,=B111/B$125,=C111/C$125,=D111/D$125,=E111/E$125,=F111/F$125,,,,,,,,,,,,,=AK111+BB110,=AL111+BC110,=AM111+BD110,=AN111+BE110,=AO111+BF110,,,,,,,,,,,32.5,=AO111,=LN(BR111),=BU111*BU111,=BQ111,=SQRT(BQ111),=EXP(+$CC$105+0*$CB$111*BT111+$CB$111*BU111+$CC$111*BV111),=BW111/$BW$26,,X Coefficient(s),,-0.10517417,0.75240408,,,,,,,,,,,,,,,,,,,,,,,,,,,,,,,,,,
37.5,8977,4774,2697,0,=SUM(B112:E112),,,,,,,,,,,,,,,,,,,,,,,,,,,,,,35,=B112/B$125,=C112/C$125,=D112/D$125,=E112/E$125,=F112/F$125,,,,,,,,,,,,,=AK112+BB111,=AL112+BC111,=AM112+BD111,=AN112+BE111,=AO112+BF111,,,,,,,,,,,37.5,=AO112,=LN(BR112),=BU112*BU112,=BQ112,=SQRT(BQ112),=EXP(+$CC$105+0*$CB$111*BT112+$CB$111*BU112+$CC$111*BV112),=BW112/$BW$26,,Std Err of Coef.,,0.01458779,0.17532998,,,,,,,,,,,,,,,,,,,,,,,,,,,,,,,,,,
42.5,11755,4966,545,0,=SUM(B113:E113),,,,,,,,,,,,,,,,,,,,,,,,,,,,,,40,=B113/B$125,=C113/C$125,=D113/D$125,=E113/E$125,=F113/F$125,,,,,,,,,,,,,=AK113+BB112,=AL113+BC112,=AM113+BD112,=AN113+BE112,=AO113+BF112,,,,,,,,,,,42.5,=AO113,=LN(BR113),=BU113*BU113,=BQ113,=SQRT(BQ113),=EXP(+$CC$105+0*$CB$111*BT113+$CB$111*BU113+$CC$111*BV113),=BW113/$BW$26,,,,=CB111/CB112,=CC111/CC112,,,,,,,,,,,,,,,,,,,,,,,,,,,,,,,,,,
47.5,4812,2598,602,0,=SUM(B114:E114),,,,,,,,,,,,,,,,,,,,,,,,,,,,,,45,=B114/B$125,=C114/C$125,=D114/D$125,=E114/E$125,=F114/F$125,,,,,,,,,,,,,=AK114+BB113,=AL114+BC113,=AM114+BD113,=AN114+BE113,=AO114+BF113,,,,,,,,,,,47.5,=AO114,=LN(BR114),=BU114*BU114,=BQ114,=SQRT(BQ114),=EXP(+$CC$105+0*$CB$111*BT114+$CB$111*BU114+$CC$111*BV114),=BW114/$BW$26,,,,,,,,,,,,,,,,,,,,,,,,,,,,,,,,,,,,,,,
52.5,3677,1936,2594,0,=SUM(B115:E115),,,,,,,,,,,,,,,,,,,,,,,,,,,,,,50,=B115/B$125,=C115/C$125,=D115/D$125,=E115/E$125,=F115/F$125,,,,,,,,,,,,,=AK115+BB114,=AL115+BC114,=AM115+BD114,=AN115+BE114,=AO115+BF114,,,,,,,,,,,52.5,=AO115,=LN(BR115),=BU115*BU115,=BQ115,=SQRT(BQ115),=EXP(+$CC$105+0*$CB$111*BT115+$CB$111*BU115+$CC$111*BV115),=BW115/$BW$26,,,,,,,,,,,,,,,,,,,,,,,,,,,,,,,,,,,,,,,
57.5,6404,4085,369,0,=SUM(B116:E116),,,,,,,,,,,,,,,,,,,,,,,,,,,,,,55,=B116/B$125,=C116/C$125,=D116/D$125,=E116/E$125,=F116/F$125,,,,,,,,,,,,,=AK116+BB115,=AL116+BC115,=AM116+BD115,=AN116+BE115,=AO116+BF115,,,,,,,,,,,57.5,=AO116,=LN(BR116),=BU116*BU116,=BQ116,=SQRT(BQ116),=EXP(+$CC$105+0*$CB$111*BT116+$CB$111*BU116+$CC$111*BV116),=BW116/$BW$26,,,,,,,,,,,,,,,,,,,,,,,,,,,,,,,,,,,,,,,
62.5,2150,1311,1236,0,=SUM(B117:E117),,,,,,,,,,,,,,,,,,,,,,,,,,,,,,60,=B117/B$125,=C117/C$125,=D117/D$125,=E117/E$125,=F117/F$125,,,,,,,,,,,,,=AK117+BB116,=AL117+BC116,=AM117+BD116,=AN117+BE116,=AO117+BF116,,,,,,,,,,,62.5,=AO117,=LN(BR117),=BU117*BU117,=BQ117,=SQRT(BQ117),=EXP(+$CC$105+0*$CB$111*BT117+$CB$111*BU117+$CC$111*BV117),=BW117/$BW$26,,,,,,,,,,,,,,,,,,,,,,,,,,,,,,,,,,,,,,,
67.5,1060,772,1527,0,=SUM(B118:E118),,,,,,,,,,,,,,,,,,,,,,,,,,,,,,65,=B118/B$125,=C118/C$125,=D118/D$125,=E118/E$125,=F118/F$125,,,,,,,,,,,,,=AK118+BB117,=AL118+BC117,=AM118+BD117,=AN118+BE117,=AO118+BF117,,,,,,,,,,,67.5,=AO118,=LN(BR118),=BU118*BU118,=BQ118,=SQRT(BQ118),=EXP(+$CC$105+0*$CB$111*BT118+$CB$111*BU118+$CC$111*BV118),=BW118/$BW$26,,,,,,,,,,,,,,,,,,,,,,,,,,,,,,,,,,,,,,,
72.5,2163,2254,600,0,=SUM(B119:E119),,,,,,,,,,,,,,,,,,,,,,,,,,,,,,70,=B119/B$125,=C119/C$125,=D119/D$125,=E119/E$125,=F119/F$125,,,,,,,,,,,,,=AK119+BB118,=AL119+BC118,=AM119+BD118,=AN119+BE118,=AO119+BF118,,,,,,,,,,,72.5,=AO119,=LN(BR119),=BU119*BU119,=BQ119,=SQRT(BQ119),=EXP(+$CC$105+0*$CB$111*BT119+$CB$111*BU119+$CC$111*BV119),=BW119/$BW$26,,,,,,,,,,,,,,,,,,,,,,,,,,,,,,,,,,,,,,,
77.5,823,396,243,0,=SUM(B120:E120),,,,,,,,,,,,,,,,,,,,,,,,,,,,,,75,=B120/B$125,=C120/C$125,=D120/D$125,=E120/E$125,=F120/F$125,,,,,,,,,,,,,=AK120+BB119,=AL120+BC119,=AM120+BD119,=AN120+BE119,=AO120+BF119,,,,,,,,,,,77.5,=AO120,=LN(BR120),=BU120*BU120,=BQ120,=SQRT(BQ120),=EXP(+$CC$105+0*$CB$111*BT120+$CB$111*BU120+$CC$111*BV120),=BW120/$BW$26,,,,,,,,,,,,,,,,,,,,,,,,,,,,,,,,,,,,,,,
82.5,852,193,307,0,=SUM(B121:E121),,,,,,,,,,,,,,,,,,,,,,,,,,,,,,80,=B121/B$125,=C121/C$125,=D121/D$125,=E121/E$125,=F121/F$125,,,,,,,,,,,,,=AK121+BB120,=AL121+BC120,=AM121+BD120,=AN121+BE120,=AO121+BF120,,,,,,,,,,,82.5,=AO121,=LN(BR121),=BU121*BU121,=BQ121,=SQRT(BQ121),=EXP(+$CC$105+0*$CB$111*BT121+$CB$111*BU121+$CC$111*BV121),=BW121/$BW$26,,,,,,,,,,,,,,,,,,,,,,,,,,,,,,,,,,,,,,,
87.5,951,914,0,0,=SUM(B122:E122),,,,,,,,,,,,,,,,,,,,,,,,,,,,,,85,=B122/B$125,=C122/C$125,=D122/D$125,=E122/E$125,=F122/F$125,,,,,,,,,,,,,=AK122+BB121,=AL122+BC121,=AM122+BD121,=AN122+BE121,=AO122+BF121,,,,,,,,,,,87.5,=AO122,=LN(BR122),=BU122*BU122,=BQ122,=SQRT(BQ122),=EXP(+$CC$105+0*$CB$111*BT122+$CB$111*BU122+$CC$111*BV122),=BW122/$BW$26,,,,,,,,,,,,,,,,,,,,,,,,,,,,,,,,,,,,,,,
90,444,191,0,0,=SUM(B123:E123),,,,,,,,,,,,,,,,,,,,,,,,,,,,,,90,=B123/B$125,=C123/C$125,=D123/D$125,=E123/E$125,=F123/F$125,,,,,,,,,,,,,,,,,,,,,,,,,,,,92.5,=AO123,=LN(BR123),=BU123*BU123,=BQ123,=SQRT(BQ123),=EXP(+$CC$105+0*$CB$111*BT123+$CB$111*BU123+$CC$111*BV123),=BW123/$BW$26,,,,,,,,,,,,,,,,,,,,,,,,,,,,,,,,,,,,,,,
,,,,,,,,,,,,,,,,,,,,,,,,,,,,,,,,,,,,,,,,,,,,,,,,,,,,,,,,,,,,,,,,,,,,,,,,,,,,,,,,,,,,,,,,,,,,,,,,,,,,,,,,,,,,,,,,,,
,=SUM(B105:B124),=SUM(C105:C124),=SUM(D105:D124),=SUM(E105:E124),=SUM(F105:F124),,,,,,,,,,,,,,,,,,,,,,,,,,,,,,,,,,,,,,,,,,,,,,,,,,,,,,,,,,,,,,,,,,,,,,,,,,,,,,,,,,,,,,,,,,,,,,,,,,,,,,,,,,,,,
,,,,,,,,,,,,,,,,,,,,,,,,,,,,,,,,,,,,,,,,,,,,,,,,,,,,,,,,,,,,,,,,,,,,,,,,,,,,,,,,,,,,,,,,,,,,,,,,,,,,,,,,,,,,,,,,,,
,,,,,,,,,,,,,,,,,,,,,,,,,,,,,,,,,,,,,,,,,,,,,,,,,,,,,,,,,,,,,,,,,,,,,,,,,,,,,,,,,,,,,,,,,,,,,,,,,,,,,,,,,,,,,,,,,,
,,,,,,,,,,,,,,,,,,,,,,,,,,,,,,,,,,,,,,,,,,,,,,,,,,,,,,,,,,,,,,,,,,,,,,,,,,,,,,,,,,,,,,,,,,,,,,,,,,,,,,,,,,,,,,,,,,
,,,,,,,,,,,,,,,,,,,,,,,,,,,,,,,,,,,,,,,,,,,,,,,,,,,,,,,,,,,,,,,,,,,,,,,,,,,,,,,,,,,,,,,,,,,,,,,,,,,,,,,,,,,,,,,,,,
,,,,,,,,,,,,,,,,,,,,,,,,,,,,,,,,,,,,,,,,,,,,,,,,,,,,,,,,,,,,,,,,,,,,,,,,,,,,,,,,,,,,,,,,,,,,,,,,,,,,,,,,,,,,,,,,,,
,,,,,,,,,,,,,,,,,,,,,,,,,,,,,,,,,,,,,,,,,,,,,,,,,,,,,,,,,,,,,,,,,,,,,,,,,,,,,,,,,,,,,,,,,,,,,,,,,,,,,,,,,,,,,,,,,,
,,,,,,,,,,,,,,,,,,,,,,,,,,,,,,,,,,,,,,,,,,,,,,,,,,,,,,,,,,,,,,,,,,,,,,,,,,,,,,,,,,,,,,,,,,,,,,,,,,,,,,,,,,,,,,,,,,
,,,,,,,,,,,,,,,,,,,,,,,,,,,,,,,,,,,,,,,,,,,,,,,,,,,,,,,,,,,,,,,,,,,,,,,,,,,,,,,,,,,,,,,,,,,,,,,,,,,,,,,,,,,,,,,,,,
,,,,,,,,,,,,,,,,,,,,,,,,,,,,,,,,,,,,,,,,,,,,,,,,,,,,,,,,,,,,,,,,,,,,,,,,,,,,,,,,,,,,,,,,,,,,,,,,,,,,,,,,,,,,,,,,,,
,,,,,,,,,,,,,,,,,,,,,,,,,,,,,,,,,,,,,,,,,,,,,,,,,,,,,,,,,,,,,,,,,,,,,,,,,,,,,,,,,,,,,,,,,,,,,,,,,,,,,,,,,,,,,,,,,,
,,,,,,,,,,,,,,,,,,,,,,,,,,,,,,,,,,,,,,,,,,,,,,,,,,,,,,,,,,,,,,,,,,,,,,,,,,,,,,,,,,,,,,,,,,,,,,,,,,,,,,,,,,,,,,,,,,
,,,,,,,,,,,,,,,,,,,,,,,,,,,,,,,,,,,,,,,,,,,,,,,,,,,,,,,,,,,,,,,,,,,,,,,,,,,,,,,,,,,,,,,,,,,,,,,,,,,,,,,,,,,,,,,,,,
,,,,,,,,,,,,,,,,,,,,,,,,,,,,,,,,,,,,,,,,,,,,,,,,,,,,,,,,,,,,,,,,,,,,,,,,,,,,,,,,,,,,,,,,,,,,,,,,,,,,,,,,,,,,,,,,,,
,,,,,,,,,,,,,,,,,,,,,,,,,,,,,,,,,,,,,,,,,,,,,,,,,,,,,,,,,,,,,,,,,,,,,,,,,,,,,,,,,,,,,,,,,,,,,,,,,,,,,,,,,,,,,,,,,,
,,,,,,,,,,,,,,,,,,,,,,,,,,,,,,,,,,,,,,,,,,,,,,,,,,,,,,,,,,,,,,,,,,,,,,,,,,,,,,,,,,,,,,,,,,,,,,,,,,,,,,,,,,,,,,,,,,
,,,,,,,,,,,,,,,,,,,,,,,,,,,,,,,,,,,,,,,,,,,,,,,,,,,,,,,,,,,,,,,,,,,,,,,,,,,,,,,,,,,,,,,,,,,,,,,,,,,,,,,,,,,,,,,,,,
,,,,,,,,,,,,,,,,,,,,,,,,,,,,,,,,,,,,,,,,,,,,,,,,,,,,,,,,,,,,,,,,,,,,,,,,,,,,,,,,,,,,,,,,,,,,,,,,,,,,,,,,,,,,,,,,,,
,express bus access,,,,,,,,,,,,,,,,,,,,,,,,,,,,,,,,,,,,,,,,,,,,,,,,,,,,,,,,,,,,,,,,,,,,,,,,,,,,,,,,,,,,,,,,,,,,,,,,,,,,,,,,,,,,,,,,,
,auto,walk,,,,,,,,,,,,,,,,,,,,,,,,,,,,,,,,,,,,,,,,,,,,,,,,,,,,,,,,,,,,,,,,,,,,,,,,,,,,,,,,,,,,,,,,,,,,,,,,,,,,,,,,,,,,,,,,
0,196,69,,,,,=EXP(3.96-0.145*A145),=H145/H$154,,,,,,,,,,,,,,,,,,,,,,,,,,,,,,,,,,,,,,,,,,,,,,,,,,,,,,,,,,,,,,,,,,,,,,,,,,,,,,,,,,,,,,,,,,,,,,,,,,,,,,,,,,
5,135,26,,,,,=EXP(3.96-0.145*A146),=H146/H$154,,,,,,,,,,,,,,,,,,,,,,,,,,,,,,,,,,,,,,,,,,,,,,,,,,,,,,,,,,,,,,,,,,,,,,,,,,,,,,,,,,,,,,,,,,,,,,,,,,,,,,,,,,
10,68,13,,,,,=EXP(3.96-0.145*A147),=H147/H$154,,,,,,,,,,,,,,,,,,,,,,,,,,,,,,,,,,,,,,,,,,,,,,,,,,,,,,,,,,,,,,,,,,,,,,,,,,,,,,,,,,,,,,,,,,,,,,,,,,,,,,,,,,
15,49,3,,,,,=EXP(3.96-0.145*A148),=H148/H$154,,,,,,,,,,,,,,,,,,,,,,,,,,,,,,,,,,,,,,,,,,,,,,,,,,,,,,,,,,,,,,,,,,,,,,,,,,,,,,,,,,,,,,,,,,,,,,,,,,,,,,,,,,
20,14,2,,,,,=EXP(3.96-0.145*A149),=H149/H$154,,,,,,,,,,,,,,,,,,,,,,,,,,,,,,,,,,,,,,,,,,,,,,,,,,,,,,,,,,,,,,,,,,,,,,,,,,,,,,,,,,,,,,,,,,,,,,,,,,,,,,,,,,
25,3,4,,,,,=EXP(3.96-0.145*A150),=H150/H$154,,,,,,,,,,,,,,,,,,,,,,,,,,,,,,,,,,,,,,,,,,,,,,,,,,,,,,,,,,,,,,,,,,,,,,,,,,,,,,,,,,,,,,,,,,,,,,,,,,,,,,,,,,
30,2,0,,,,,=EXP(3.96-0.145*A151),=H151/H$154,,,,,,,,,,,,,,,,,,,,,,,,,,,,,,,,,,,,,,,,,,,,,,,,,,,,,,,,,,,,,,,,,,,,,,,,,,,,,,,,,,,,,,,,,,,,,,,,,,,,,,,,,,
35,3,,,,,,=EXP(3.96-0.145*A152),=H152/H$154,,,,,,,,,,,,,,,,,,,,,,,,,,,,,,,,,,,,,,,,,,,,,,,,,,,,,,,,,,,,,,,,,,,,,,,,,,,,,,,,,,,,,,,,,,,,,,,,,,,,,,,,,,
,,,,,,,,,,,,,,,,,,,,,,,,,,,,,,,,,,,,,,,,,,,,,,,,,,,,,,,,,,,,,,,,,,,,,,,,,,,,,,,,,,,,,,,,,,,,,,,,,,,,,,,,,,,,,,,,,,
,=SUM(B145:B152),=SUM(C145:C152),,,,,=SUM(H145:H152),,,,,,,,,,,,,,,,,,,,,,,,,,,,,,,,,,,,,,,,,,,,,,,,,,,,,,,,,,,,,,,,,,,,,,,,,,,,,,,,,,,,,,,,,,,,,,,,,,,,,,,,,,,
,,,,,,,,,,,,,,,,,,,,,,,,,,,,,,,,,,,,,,,,,,,,,,,,,,,,,,,,,,,,,,,,,,,,,,,,,,,,,,,,,,,,,,,,,,,,,,,,,,,,,,,,,,,,,,,,,,
,,,,,,,,,,,,,,,,,,,,,,,,,,,,,,,,,,,,,,,,,,,,,,,,,,,,,,,,,,,,,,,,,,,,,,,,,,,,,,,,,,,,,,,,,,,,,,,,,,,,,,,,,,,,,,,,,,
,,,,,,,,,,,,,,,,,,,,,,,,,,,,,,,,,,,,,,,,,,,,,,,,,,,,,,,,,,,,,,,,,,,,,,,,,,,,,,,,,,,,,,,,,,,,,,,,,,,,,,,,,,,,,,,,,,
,,,,,,,,,,,,,,,,,,,,,,,,,,,,,,,,,,,,,,,,,,,,,,,,,,,,,,,,,,,,,,,,,,,,,,,,,,,,,,,,,,,,,,,,,,,,,,,,,,,,,,,,,,,,,,,,,,
,,,,,,,,,,,,,,,,,,,,,,,,,,,,,,,,,,,,,,,,,,,,,,,,,,,,,,,,,,,,,,,,,,,,,,,,,,,,,,,,,,,,,,,,,,,,,,,,,,,,,,,,,,,,,,,,,,
AU1.68-88,Line,Auto 1 Distribution by Purpose,,,,,,,,,,,,,,,,,,,,,,,,,,,,,,,,,,,,,,,,,,,,,,,,,,,,,,,,,,,,,,,,,,,,,,,,,,,,,,,,,,,,,,,,,,,,,,,,,,,,,,,,,,,,,,,,
AUTO1.88,Line,AUTO 1 TRIPS - 1988,,,,,,,,,,,,,,,,,,,,,,,,,,,,,,,,,,,,,,,,,,,,,,,,,,,,,,,,,,,,,,,,,,,,,,,,,,,,,,,,,,,,,,,,,,,,,,,,,,,,,,,,,,,,,,,,
CUM.1968,Line,1968 Cumulative Distribution by Mode,,,,,,,,,,,,,,,,,,,,,,,,,,,,,,,,,,,,,,,,,,,,,,,,,,,,,,,,,,,,,,,,,,,,,,,,,,,,,,,,,,,,,,,,,,,,,,,,,,,,,,,,,,,,,,,,
CUM.1988,Line,1988 Cumulative Distribution by Mode,,,,,,,,,,,,,,,,,,,,,,,,,,,,,,,,,,,,,,,,,,,,,,,,,,,,,,,,,,,,,,,,,,,,,,,,,,,,,,,,,,,,,,,,,,,,,,,,,,,,,,,,,,,,,,,,
CUM.88.NW,Line,1988 Distribution by Mode: NonWork,,,,,,,,,,,,,,,,,,,,,,,,,,,,,,,,,,,,,,,,,,,,,,,,,,,,,,,,,,,,,,,,,,,,,,,,,,,,,,,,,,,,,,,,,,,,,,,,,,,,,,,,,,,,,,,,
CUM.88.WK.AUTOS,Line,1988 Distribution by Mode,,,,,,,,,,,,,,,,,,,,,,,,,,,,,,,,,,,,,,,,,,,,,,,,,,,,,,,,,,,,,,,,,,,,,,,,,,,,,,,,,,,,,,,,,,,,,,,,,,,,,,,,,,,,,,,,
CUM.88.WORK,Line,1988 Distribution by Mode,,,,,,,,,,,,,,,,,,,,,,,,,,,,,,,,,,,,,,,,,,,,,,,,,,,,,,,,,,,,,,,,,,,,,,,,,,,,,,,,,,,,,,,,,,,,,,,,,,,,,,,,,,,,,,,,
CUM.CHN.68.88,Line,Distribution by Mode: Chained Work,,,,,,,,,,,,,,,,,,,,,,,,,,,,,,,,,,,,,,,,,,,,,,,,,,,,,,,,,,,,,,,,,,,,,,,,,,,,,,,,,,,,,,,,,,,,,,,,,,,,,,,,,,,,,,,,
CUM.WK.68.88,Line,Distribution by Mode: Work,,,,,,,,,,,,,,,,,,,,,,,,,,,,,,,,,,,,,,,,,,,,,,,,,,,,,,,,,,,,,,,,,,,,,,,,,,,,,,,,,,,,,,,,,,,,,,,,,,,,,,,,,,,,,,,,
D.CUM.AU1,Line,1968 v 1988 Cumulative Distribution by Mode,,,,,,,,,,,,,,,,,,,,,,,,,,,,,,,,,,,,,,,,,,,,,,,,,,,,,,,,,,,,,,,,,,,,,,,,,,,,,,,,,,,,,,,,,,,,,,,,,,,,,,,,,,,,,,,,
D.CUM.AU2,Line,1968 v 1988 Cumulative Distribution by Mode,,,,,,,,,,,,,,,,,,,,,,,,,,,,,,,,,,,,,,,,,,,,,,,,,,,,,,,,,,,,,,,,,,,,,,,,,,,,,,,,,,,,,,,,,,,,,,,,,,,,,,,,,,,,,,,,
D.CUM.WALK,Line,1968 v 1988 Cumulative Distribution by Mode,,,,,,,,,,,,,,,,,,,,,,,,,,,,,,,,,,,,,,,,,,,,,,,,,,,,,,,,,,,,,,,,,,,,,,,,,,,,,,,,,,,,,,,,,,,,,,,,,,,,,,,,,,,,,,,,
D.CUM.WCT,Line,1968 v 1988 Cumulative Distribution by Mode,,,,,,,,,,,,,,,,,,,,,,,,,,,,,,,,,,,,,,,,,,,,,,,,,,,,,,,,,,,,,,,,,,,,,,,,,,,,,,,,,,,,,,,,,,,,,,,,,,,,,,,,,,,,,,,,
INOP,Line,Intervening Opportunities,,,,,,,,,,,,,,,,,,,,,,,,,,,,,,,,,,,,,,,,,,,,,,,,,,,,,,,,,,,,,,,,,,,,,,,,,,,,,,,,,,,,,,,,,,,,,,,,,,,,,,,,,,,,,,,,
NW.68-88.CUM,Line,Distribution by Mode: NonWork,,,,,,,,,,,,,,,,,,,,,,,,,,,,,,,,,,,,,,,,,,,,,,,,,,,,,,,,,,,,,,,,,,,,,,,,,,,,,,,,,,,,,,,,,,,,,,,,,,,,,,,,,,,,,,,,
NW.68.DATA,Line,1968 Trip Distribution,,,,,,,,,,,,,,,,,,,,,,,,,,,,,,,,,,,,,,,,,,,,,,,,,,,,,,,,,,,,,,,,,,,,,,,,,,,,,,,,,,,,,,,,,,,,,,,,,,,,,,,,,,,,,,,,
NW.68.TRN.STO,Line,1968 Trip Distribution,,,,,,,,,,,,,,,,,,,,,,,,,,,,,,,,,,,,,,,,,,,,,,,,,,,,,,,,,,,,,,,,,,,,,,,,,,,,,,,,,,,,,,,,,,,,,,,,,,,,,,,,,,,,,,,,
NW.AU.88.STO,Line,AUTO 1 TRIPS - 1988,,,,,,,,,,,,,,,,,,,,,,,,,,,,,,,,,,,,,,,,,,,,,,,,,,,,,,,,,,,,,,,,,,,,,,,,,,,,,,,,,,,,,,,,,,,,,,,,,,,,,,,,,,,,,,,,
NW.AU1.68.STO,Line,1968 Trip Distribution,,,,,,,,,,,,,,,,,,,,,,,,,,,,,,,,,,,,,,,,,,,,,,,,,,,,,,,,,,,,,,,,,,,,,,,,,,,,,,,,,,,,,,,,,,,,,,,,,,,,,,,,,,,,,,,,
NW.CUM.AU1,Line,1968 v 1988 Cumulative Distribution by Mode,,,,,,,,,,,,,,,,,,,,,,,,,,,,,,,,,,,,,,,,,,,,,,,,,,,,,,,,,,,,,,,,,,,,,,,,,,,,,,,,,,,,,,,,,,,,,,,,,,,,,,,,,,,,,,,,
RAIL.ACCESS,Line,Distribution by Access Mode: Rail Work Trips,,,,,,,,,,,,,,,,,,,,,,,,,,,,,,,,,,,,,,,,,,,,,,,,,,,,,,,,,,,,,,,,,,,,,,,,,,,,,,,,,,,,,,,,,,,,,,,,,,,,,,,,,,,,,,,,
TRN.68-88,Line,Transit Distribution by Purpose,,,,,,,,,,,,,,,,,,,,,,,,,,,,,,,,,,,,,,,,,,,,,,,,,,,,,,,,,,,,,,,,,,,,,,,,,,,,,,,,,,,,,,,,,,,,,,,,,,,,,,,,,,,,,,,,
TRN.WORK.88,Line,Distribution by Mode: Non Auto Work Trips,,,,,,,,,,,,,,,,,,,,,,,,,,,,,,,,,,,,,,,,,,,,,,,,,,,,,,,,,,,,,,,,,,,,,,,,,,,,,,,,,,,,,,,,,,,,,,,,,,,,,,,,,,,,,,,,
WK.68.WALK.STO,Line,1968 Trip Distribution,,,,,,,,,,,,,,,,,,,,,,,,,,,,,,,,,,,,,,,,,,,,,,,,,,,,,,,,,,,,,,,,,,,,,,,,,,,,,,,,,,,,,,,,,,,,,,,,,,,,,,,,,,,,,,,,
WK.AU.88.STO,Line,AUTO 1 TRIPS - 1988,,,,,,,,,,,,,,,,,,,,,,,,,,,,,,,,,,,,,,,,,,,,,,,,,,,,,,,,,,,,,,,,,,,,,,,,,,,,,,,,,,,,,,,,,,,,,,,,,,,,,,,,,,,,,,,,
WK.TRN.68.STO,Line,1968 Trip Distribution,,,,,,,,,,,,,,,,,,,,,,,,,,,,,,,,,,,,,,,,,,,,,,,,,,,,,,,,,,,,,,,,,,,,,,,,,,,,,,,,,,,,,,,,,,,,,,,,,,,,,,,,,,,,,,,,
WK88ALL,Line,1988 Distribution by Mode,,,,,,,,,,,,,,,,,,,,,,,,,,,,,,,,,,,,,,,,,,,,,,,,,,,,,,,,,,,,,,,,,,,,,,,,,,,,,,,,,,,,,,,,,,,,,,,,,,,,,,,,,,,,,,,,
WKAU88CUMSTO,Line,1988 Trip Distribution,,,,,,,,,,,,,,,,,,,,,,,,,,,,,,,,,,,,,,,,,,,,,,,,,,,,,,,,,,,,,,,,,,,,,,,,,,,,,,,,,,,,,,,,,,,,,,,,,,,,,,,,,,,,,,,,
